{
  "family": "reportr-app",
  "networkMode": "awsvpc",
  "requiresCompatibilities": ["FARGATE"],
  "cpu": "512",
  "memory": "1024",
  "executionRoleArn": "arn:aws:iam::YOUR_ACCOUNT_ID:role/ecsTaskExecutionRole",
  "taskRoleArn": "arn:aws:iam::YOUR_ACCOUNT_ID:role/ecsTaskRole",
  "containerDefinitions": [
    {
      "name": "reportr-container",
      "image": "YOUR_ECR_REPOSITORY_URI:latest",
      "essential": true,
      "portMappings": [
        {
          "containerPort": 5000,
          "protocol": "tcp"
        }
      ],
      "environment": [
        {
          "name": "NODE_ENV",
          "value": "production"
        }
      ],
      "secrets": [
        {
          "name": "DATABASE_URL",
          "valueFrom": "arn:aws:ssm:YOUR_REGION:YOUR_ACCOUNT_ID:parameter/reportr/database-url"
        },
        {
          "name": "RESEND_API_KEY",
          "valueFrom": "arn:aws:ssm:YOUR_REGION:YOUR_ACCOUNT_ID:parameter/reportr/resend-api-key"
        },
        {
          "name": "GOOGLE_MAPS_API_KEY",
          "valueFrom": "arn:aws:ssm:YOUR_REGION:YOUR_ACCOUNT_ID:parameter/reportr/google-maps-api-key"
        }
      ],
      "logConfiguration": {
        "logDriver": "awslogs",
        "options": {
          "awslogs-group": "/ecs/reportr-app",
          "awslogs-region": "YOUR_REGION",
          "awslogs-stream-prefix": "ecs"
        }
      },
      "healthCheck": {
        "command": [
          "CMD-SHELL",
          "curl -f http://localhost:5000/api/health || exit 1"
        ],
        "interval": 30,
        "timeout": 5,
        "retries": 3,
        "startPeriod": 60
      }
    }
  ]
}